asr_model,idx,reference,hypothesis,latency_s,cer,error
qwen3-asr-flash,1,你好，请帮我查一下今天北京的天气预报。,好。,0.521,0.9412,
qwen3-asr-flash,2,人工智能正在深刻地改变我们的工作和生活方式。,人工智能正在深刻地改变我们的工作和生活方式。,0.556,0.0,
qwen3-asr-flash,3,今年第三季度的销售额同比增长了百分之二十三点五。,今年第三季度的销售额同比增长了23.5%。,0.498,0.3478,
SenseVoiceSmall,1,你好，请帮我查一下今天北京的天气预报。,哦。,1.6,1.0,
SenseVoiceSmall,2,人工智能正在深刻地改变我们的工作和生活方式。,人工智能正在深刻的改变我们的工作和生活方式。,1.505,0.0476,
SenseVoiceSmall,3,今年第三季度的销售额同比增长了百分之二十三点五。,今年第三季度的销售额同比增长了23.5%。,0.916,0.3478,
whisper-large-v3,1,你好，请帮我查一下今天北京的天气预报。,抱,1.063,1.0,
whisper-large-v3,2,人工智能正在深刻地改变我们的工作和生活方式。,人工智能正在深刻地改变我们的工作和生活方式,1.507,0.0,
whisper-large-v3,3,今年第三季度的销售额同比增长了百分之二十三点五。,今年第三季度的销售额同比增长了23.5%,2.19,0.3478,
